Code,N°,English Name,Nom français,Alias,Age,Date,In langtags,Region,Lang,Notes,Default Font,Default Features,WSTech primary,NLCI,Microsoft,Other,Noto Sans,Noto Serif,WSTech secondary
Adlm,166,Adlam,adlam,Adlam,9,2016-12-05,y,,,,Noto Sans Adlam,,,,Ebrima,,Noto Sans Adlam,,
Afak,439,Afaka,afaka,,,2010-12-21,y,,,,,,,,,,,,
Aghb,239,Caucasian Albanian,aghbanien,Caucasian_Albanian,7,2014-11-15,,,,,Noto Sans Caucasian Albanian,,,,,,Noto Sans Caucasian Albanian,,
Ahom,338,"Ahom, Tai Ahom",âhom,Ahom,8,2015-07-07,y,,,,Noto Serif Ahom,,,,,,,Noto Serif Ahom,
Arab,,,,,1.1,,y,"CM, GN, SN, NG, NE",,,Harmattan,,Harmattan,,,,,,
Arab,,,,,1.1,,y,PK,,,Awami Nastaliq,,Awami Nastaliq,,,,,,
Arab,160,Arabic,arabe,Arabic,1.1,2004-05-01,y,,,,Scheherazade New,,Scheherazade New,,,,Noto Sans Arabic,,
Aran,161,Arabic (Nastaliq variant),arabe (variante nastalique),,1.1,2014-11-15,,,,,Awami Nastaliq,,Awami Nastaliq,,,,,Noto Nastaliq Urdu,
Armi,124,Imperial Aramaic,araméen impérial,Imperial_Aramaic,5.2,2009-06-01,y,,,,Noto Sans Imperial Aramaic,,,,,,Noto Sans Imperial Aramaic,,
Armn,230,Armenian,arménien,Armenian,1.1,2004-05-01,y,,,,Noto Sans Armenian,,,,,,Noto Sans Armenian,Noto Serif Armenian,
Avst,134,Avestan,avestique,Avestan,5.2,2009-06-01,y,,,,Noto Sans Avestan,,,,,,Noto Sans Avestan,,
Bali,360,Balinese,balinais,Balinese,5,2006-10-10,y,,,,Noto Sans Balinese,,,,,,Noto Sans Balinese,,
Bamu,435,Bamum,bamoum,Bamum,5.2,2009-06-01,y,,,,Noto Sans Bamum,,,,,,Noto Sans Bamum,,
Bass,259,Bassa Vah,bassa,Bassa_Vah,7,2014-11-15,y,,,,Noto Sans Bassa Vah,,,,,,Noto Sans Bassa Vah,,
Batk,365,Batak,batik,Batak,6,2010-07-23,y,,,,Noto Sans Batak,,,,,,Noto Sans Batak,,
Beng,325,Bengali (Bangla),bengalî (bangla),Bengali,1.1,2016-12-05,y,,,,Noto Serif Bengali,,,,,,Noto Sans Bengali,Noto Serif Bengali,
Bhks,334,Bhaiksuki,bhaïksukî,Bhaiksuki,9,2016-12-05,,,,,Noto Sans Bhaiksuki,,,,,,Noto Sans Bhaiksuki,,
Blis,550,Blissymbols,symboles Bliss,,,2004-05-01,y,,,,,,,,,,,,
Bopo,285,Bopomofo,bopomofo,Bopomofo,1.1,2004-05-01,y,,,,,,,,,,,,
Brah,300,Brahmi,brahma,Brahmi,6,2010-07-23,y,,,,Noto Sans Brahmi,,,,,,Noto Sans Brahmi,,
Brai,570,Braille,braille,Braille,3,2004-05-01,y,,,,,,,,,,,,
Bugi,367,Buginese,bouguis,Buginese,4.1,2006-06-21,y,,,,Noto Sans Buginese,,,,,,Noto Sans Buginese,,
Buhd,372,Buhid,bouhide,Buhid,3.2,2004-05-01,y,,,,Noto Sans Buhid,,,,,,Noto Sans Buhid,,
Cakm,349,Chakma,chakma,Chakma,6.1,2012-02-06,y,,,,Noto Sans Chakma,,,,,,Noto Sans Chakma,,
Cans,440,Unified Canadian Aboriginal Syllabics,syllabaire autochtone canadien unifié,Canadian_Aboriginal,3,2004-05-29,y,,,,Noto Sans Canadian Aboriginal,,,,,,Noto Sans Canadian Aboriginal,,
Cari,201,Carian,carien,Carian,5.1,2007-07-02,y,,,,Noto Sans Carian,,,,,,Noto Sans Carian,,
Cham,358,Cham,"cham (čam, tcham)",Cham,5.1,2009-11-11,y,,,,Noto Sans Cham,,,,,,Noto Sans Cham,,
Cher,445,Cherokee,tchérokî,Cherokee,3,2004-05-01,y,,,,Noto Sans Cherokee,,,,,,Noto Sans Cherokee,,
Chrs,109,Chorasmian,chorasmien,Chorasmian,13,2019-08-19,y,,,,Noto Sans Chorasmian,,,,,,Noto Sans Chorasmian,,
Cirt,291,Cirth,cirth,,,2004-05-01,,,,,,,,,,,,,
Copt,204,Coptic,copte,Coptic,4.1,2006-06-21,y,,,,Noto Sans Coptic,,,,,,Noto Sans Coptic,,Sophia Nubian
Cpmn,402,Cypro-Minoan,syllabaire chypro-minoen,,,2017-07-26,,,,,Noto Sans Cypro Minoan,,,,,,Noto Sans Cypro Minoan,,
Cprt,403,Cypriot syllabary,syllabaire chypriote,Cypriot,4,2017-07-26,y,,,,Noto Sans Cypriot,,,,,,Noto Sans Cypriot,,
Cyrl,220,Cyrillic,cyrillique,Cyrillic,1.1,2004-05-01,y,,,,Charis SIL,,Charis SIL,,,,Noto Sans,Noto Serif,
Cyrs,221,Cyrillic (Old Church Slavonic variant),cyrillique (variante slavonne),,1.1,2004-05-01,y,,,,,,,,,,,,
Deva,,,,,1.1,,,NP,,,Annapurna SIL,ss01=1 ss08=1 ss09=1 ss10=1,Annapurna SIL Nepal,,,,Noto Sans Devanagari,Noto Serif Devanagari,
Deva,315,Devanagari (Nagari),dévanâgarî,Devanagari,1.1,2004-05-01,y,,,,Annapurna SIL,,Annapurna SIL,,,,Noto Sans Devanagari,Noto Serif Devanagari,
Diak,342,Dives Akuru,dives akuru,Dives_Akuru,13,2019-08-19,y,,,,,,,,,,,,
Dogr,328,Dogra,dogra,Dogra,11,2016-12-05,,,,,Noto Serif Dogra,,,,,,,Noto Serif Dogra,
Dsrt,250,Deseret (Mormon),déseret (mormon),Deseret,3.1,2004-05-01,y,,,,Noto Sans Deseret,,,,,,Noto Sans Deseret,,
Dupl,755,"Duployan shorthand, Duployan stenography",sténographie Duployé,Duployan,7,2014-11-15,,,,,Noto Sans Duployan,,,,,,Noto Sans Duployan,,
Egyd,70,Egyptian demotic,démotique égyptien,,,2004-05-01,,,,,,,,,,,,,
Egyh,60,Egyptian hieratic,hiératique égyptien,,5.2,2004-05-01,,,,,,,,,,,,,
Egyp,50,Egyptian hieroglyphs,hiéroglyphes égyptiens,Egyptian_Hieroglyphs,5.2,2009-06-01,y,,,,Noto Sans Egyptian Hieroglyphs,,,,,,Noto Sans Egyptian Hieroglyphs,,
Elba,226,Elbasan,elbasan,Elbasan,7,2014-11-15,y,,,,Noto Sans Elbasan,,,,,,Noto Sans Elbasan,,
Elym,128,Elymaic,élymaïque,Elymaic,12,2018-08-26,y,,,,Noto Sans Elymaic,,,,,,Noto Sans Elymaic,,
Ethi,430,Ethiopic (Geʻez),"éthiopien (geʻez, guèze)",Ethiopic,3,2004-10-25,y,,,,Abyssinica SIL,,Abyssinica SIL,,,,Noto Sans Ethiopic,Noto Serif Ethiopic,
Geok,241,Khutsuri (Asomtavruli and Nuskhuri),khoutsouri (assomtavrouli et nouskhouri),Georgian,1.1,2012-10-16,y,,,,,,,,,,,,
Geor,240,Georgian (Mkhedruli and Mtavruli),géorgien (mkhédrouli et mtavrouli),Georgian,1.1,2016-12-05,y,,,,Noto Sans Georgian,,,,,,Noto Sans Georgian,Noto Serif Georgian,
Glag,225,Glagolitic,glagolitique,Glagolitic,4.1,2006-06-21,y,,,,Noto Sans Glagolitic,,,,,,Noto Sans Glagolitic,,
Gong,312,Gunjala Gondi,gunjala gondî,Gunjala_Gondi,11,2016-12-05,,,,,Narnoor,,Narnoor,,,,,,
Gonm,313,Masaram Gondi,masaram gondî,Masaram_Gondi,10,2017-07-26,,,,,Noto Sans Masaram Gondi,,,,,,Noto Sans Masaram Gondi,,
Goth,206,Gothic,gotique,Gothic,3.1,2004-05-01,y,,,,Noto Sans Gothic,,,,,,Noto Sans Gothic,,
Gran,343,Grantha,grantha,Grantha,7,2014-11-15,y,,,,Noto Sans Grantha,,,,,,Noto Sans Grantha,,
Grek,200,Greek,grec,Greek,1.1,2004-05-01,y,,,,Gentium Plus,,Gentium Plus,,,,Noto Sans ,Noto Serif ,
Gujr,320,Gujarati,goudjarâtî (gujrâtî),Gujarati,1.1,2004-05-01,y,,,,Noto Sans Gujarati,,,,,,Noto Sans Gujarati,Noto Serif Gujarati,
Guru,310,Gurmukhi,gourmoukhî,Gurmukhi,1.1,2004-05-01,y,,,,Noto Sans Gurmukhi,,,,,,Noto Sans Gurmukhi,Noto Serif Gurmukhi,
Hanb,503,Han with Bopomofo (alias for Han + Bopomofo),han avec bopomofo (alias pour han + bopomofo),,1.1,2016-01-19,y,,,,Noto Sans SC,,,,,,Noto Sans SC,Noto Serif SC,
Hang,286,"Hangul (Hangŭl, Hangeul)","hangûl (hangŭl, hangeul)",Hangul,1.1,2004-05-29,y,,,,Noto Sans KR,,,,,,Noto Sans KR,Noto Serif KR,
Hani,500,"Han (Hanzi, Kanji, Hanja)",idéogrammes han (sinogrammes),Han,1.1,2009-02-23,y,,,,Noto Sans JP,,,,,,Noto Sans JP,Noto Serif JP,
Hano,371,Hanunoo (Hanunóo),hanounóo,Hanunoo,3.2,2004-05-29,y,,,,Noto Sans Hanunoo,,,,,,Noto Sans Hanunoo,,
Hans,501,Han (Simplified variant),idéogrammes han (variante simplifiée),,1.1,2004-05-29,y,,,,Noto Sans SC,,,,,,Noto Sans SC,Noto Serif SC,
Hant,502,Han (Traditional variant),idéogrammes han (variante traditionnelle),,1.1,2004-05-29,y,,,,Noto Sans TC,,,,,,Noto Sans TC,Noto Serif TC,
Hatr,127,Hatran,hatrénien,Hatran,8,2015-07-07,y,,,,Noto Sans Hatran,,,,,,Noto Sans Hatran,,
Hebr,125,Hebrew,hébreu,Hebrew,1.1,2004-05-01,y,,,,Ezra SIL,,Ezra SIL,,,,Noto Sans Hebrew,Noto Serif Hebrew,
Hira,410,Hiragana,hiragana,Hiragana,1.1,2004-05-01,,,,,Noto Sans JP,,,,,,Noto Sans JP,Noto Serif JP,
Hluw,80,"Anatolian Hieroglyphs (Luwian Hieroglyphs, Hittite Hieroglyphs)","hiéroglyphes anatoliens (hiéroglyphes louvites, hiéroglyphes hittites)",Anatolian_Hieroglyphs,8,2015-07-07,y,,,,Noto Sans Anatolian Hieroglyphs,,,,,,Noto Sans Anatolian Hieroglyphs,,
Hmng,450,Pahawh Hmong,pahawh hmong,Pahawh_Hmong,7,2014-11-15,y,,,,Noto Sans Pahawh Hmong,,,,,,Noto Sans Pahawh Hmong,,
Hmnp,451,Nyiakeng Puachue Hmong,nyiakeng puachue hmong,Nyiakeng_Puachue_Hmong,12,2017-07-26,,,,,Noto Serif NP Hmong,,,,,,,Noto Serif NP Hmong,
Hrkt,412,Japanese syllabaries (alias for Hiragana + Katakana),syllabaires japonais (alias pour hiragana + katakana),Katakana_Or_Hiragana,1.1,2011-06-21,,,,,Noto Sans JP,,,,,,Noto Sans JP,Noto Serif JP,
Hung,176,Old Hungarian (Hungarian Runic),runes hongroises (ancien hongrois),Old_Hungarian,8,2015-07-07,y,,,,Noto Sans Old Hungarian,,,,,,Noto Sans Old Hungarian,,
Inds,610,Indus (Harappan),indus,,,2004-05-01,,,,,,,,,,,,,
Ital,210,"Old Italic (Etruscan, Oscan, etc.)","ancien italique (étrusque, osque, etc.)",Old_Italic,3.1,2004-05-29,y,,,,Noto Sans Old Italic,,,,,,Noto Sans Old Italic,,
Jamo,284,Jamo (alias for Jamo subset of Hangul),jamo (alias pour le sous-ensemble jamo du hangûl),,1.1,2016-01-19,,,,,Noto Sans KR,,,,,,Noto Sans KR,Noto Serif KR,
Java,361,Javanese,javanais,Javanese,5.2,2009-06-01,y,,,,Noto Sans Javanese,,,,,,Noto Sans Javanese,,
Jpan,413,Japanese (alias for Han + Hiragana + Katakana),japonais (alias pour han + hiragana + katakana),,1.1,2006-06-21,y,,,,Noto Sans JP,,,,,,Noto Sans JP,Noto Serif JP,
Jurc,510,Jurchen,jurchen,,,2010-12-21,y,,,,,,,,,,,,
Kali,357,Kayah Li,kayah li,Kayah_Li,5.1,2007-07-02,y,,,,Kayahli,,,,,Kayahli,Noto Sans Kayah Li,,
Kana,411,Katakana,katakana,Katakana,1.1,2004-05-01,y,,,,Noto Sans JP,,,,,,Noto Sans JP,Noto Serif JP,
Kawi,368,Kawi,kawi,,15,2021-12-03,y,,,,,,,,,,,,
Khar,305,Kharoshthi,kharochthî,Kharoshthi,4.1,2006-06-21,y,,,,Noto Sans Kharoshthi,,,,,,Noto Sans Kharoshthi,,
Khmr,355,Khmer,khmer,Khmer,3,2004-05-29,y,,,,Khmer Mondulkiri,,Khmer Mondulkiri,,,,Noto Sans Khmer,Noto Serif Khmer,
Khoj,322,Khojki,khojkî,Khojki,7,2014-11-15,y,,,,Noto Sans Khojki,,,,,,Noto Sans Khojki,,
Kitl,505,Khitan large script,grande écriture khitan,,,2015-07-15,y,,,,,,,,,,,,
Kits,288,Khitan small script,petite écriture khitan,,,2015-07-15,y,,,,Noto Serif Khitan Small Script,,,,,,,Noto Serif Khitan Small Script,
Knda,345,Kannada,kannara (canara),Kannada,1.1,2004-05-29,y,,,,Badami,,,Badami,,,Noto Sans Kannada,Noto Serif Kannada,
Kore,287,Korean (alias for Hangul + Han),coréen (alias pour hangûl + han),,1.1,2007-06-13,y,,,,Noto Sans KR,,,,,,Noto Sans KR,Noto Serif KR,
Kpel,436,Kpelle,kpèllé,,,2010-03-26,y,,,,,,,,,,,,
Kthi,317,Kaithi,kaithî,Kaithi,5.2,2009-06-01,y,,,,Noto Sans Kaithi,,,,,,Noto Sans Kaithi,,
Lana,351,Tai Tham (Lanna),taï tham (lanna),Tai_Tham,5.2,2009-06-01,y,,,,Noto Sans Tai Tham,,,,,,Noto Sans Tai Tham,,
Laoo,356,Lao,laotien,Lao,1.1,2004-05-01,y,,,,Saysettha MX,,,,DokChampa,Saysettha MX,Noto Sans Lao,Noto Serif Lao,
Latf,217,Latin (Fraktur variant),latin (variante brisée),,1.1,2004-05-01,y,,,,,,,,,,,,
Latg,216,Latin (Gaelic variant),latin (variante gaélique),,1.1,2004-05-01,y,,,,,,,,,,,,
Latn,215,Latin,latin,Latin,1.1,2004-05-01,y,,,,Charis SIL,,Charis SIL,,,,Noto Sans,Noto Serif,
Leke,364,Leke,léké,,,2015-07-07,y,,,,,,,,,,,,
Lepc,335,Lepcha (Róng),lepcha (róng),Lepcha,5.1,2007-07-02,y,,,,Mingzat,,Mingzat,,,,Noto Sans Lepcha,,
Limb,336,Limbu,limbou,Limbu,4,2004-05-29,y,,,,Namdhinggo,,Namdhinggo,,,,Noto Sans Limbu,,
Lina,400,Linear A,linéaire A,Linear_A,7,2014-11-15,y,,,,Noto Sans Linear A,,,,,,Noto Sans Linear A,,
Linb,401,Linear B,linéaire B,Linear_B,4,2004-05-29,y,,,,Noto Sans Linear B,,,,,,Noto Sans Linear B,,
Lisu,399,Lisu (Fraser),lisu (Fraser),Lisu,5.2,2009-06-01,y,,,,LisuTzimu,,,,,LisuTzimu,Noto Sans Lisu,,
Loma,437,Loma,loma,,,2010-03-26,y,,,,,,,,,,,,
Lyci,202,Lycian,lycien,Lycian,5.1,2007-07-02,y,,,,Noto Sans Lycian,,,,,,Noto Sans Lycian,,
Lydi,116,Lydian,lydien,Lydian,5.1,2007-07-02,y,,,,Noto Sans Lydian,,,,,,Noto Sans Lydian,,
Mahj,314,Mahajani,mahâjanî,Mahajani,7,2014-11-15,,,,,Noto Sans Mahajani,,,,,,Noto Sans Mahajani,,
Maka,366,Makasar,makassar,Makasar,11,2016-12-05,,,,,Noto Serif Makasar,,,,,,,Noto Serif Makasar,
Mand,140,"Mandaic, Mandaean",mandéen,Mandaic,6,2010-07-23,y,,,,Noto Sans Mandaic,,,,,,Noto Sans Mandaic,,
Mani,139,Manichaean,manichéen,Manichaean,7,2014-11-15,y,,,,Noto Sans Manichaean,,,,,,Noto Sans Manichaean,,
Marc,332,Marchen,marchen,Marchen,9,2016-12-05,y,,,,Noto Sans Marchen,,,,,,Noto Sans Marchen,,
Maya,90,Mayan hieroglyphs,hiéroglyphes mayas,,,2004-05-01,,,,,,,,,,,,,
Medf,265,"Medefaidrin (Oberi Okaime, Oberi Ɔkaimɛ)",médéfaïdrine,Medefaidrin,11,2016-12-05,,,,,Noto Sans Medefaidrin,,,,,,Noto Sans Medefaidrin,,
Mend,438,Mende Kikakui,mendé kikakui,Mende_Kikakui,7,2014-11-15,y,,,,Noto Sans Mende Kikakui,,,,,,Noto Sans Mende Kikakui,,
Merc,101,Meroitic Cursive,cursif méroïtique,Meroitic_Cursive,6.1,2012-02-06,y,,,,Noto Sans Meroitic,,,,,,Noto Sans Meroitic,,
Mero,100,Meroitic Hieroglyphs,hiéroglyphes méroïtiques,Meroitic_Hieroglyphs,6.1,2012-02-06,,,,,Noto Sans Meroitic,,,,,,Noto Sans Meroitic,,
Mlym,347,Malayalam,malayâlam,Malayalam,1.1,2004-05-01,y,,,,Noto Sans Malayalam,,,,,,Noto Sans Malayalam,Noto Serif Malayalam,
Modi,324,"Modi, Moḍī",modî,Modi,7,2014-11-15,y,,,,Noto Sans Modi,,,,,,Noto Sans Modi,,
Mong,145,Mongolian,mongol,Mongolian,3,2004-05-01,y,,,,Noto Sans Mongolian,,,,,,Noto Sans Mongolian,,
Moon,218,"Moon (Moon code, Moon script, Moon type)",écriture Moon,,,2006-12-11,,,,,,,,,,,,,
Mroo,264,"Mro, Mru",mro,Mro,7,2016-12-05,y,,,,Noto Sans Mro,,,,,,Noto Sans Mro,,
Mtei,337,"Meitei Mayek (Meithei, Meetei)",meitei mayek,Meetei_Mayek,5.2,2009-06-01,y,,,,Noto Sans Meetei Mayek,,,,,,Noto Sans Meetei Mayek,,
Mult,323,Multani,multanî,Multani,8,2015-07-07,,,,,Noto Sans Multani,,,,,,Noto Sans Multani,,
Mymr,350,Myanmar (Burmese),birman,Myanmar,3,2004-05-01,y,,,,Padauk,,Padauk,,,,Noto Sans Myanmar,Noto Serif Myanmar,
Nagm,295,Nag Mundari,nag mundari,,15,2021-12-03,y,,,,Noto Sans Nag Mundari,,,,,,Noto Sans Nag Mundari,,
Nand,311,Nandinagari,nandinâgarî,Nandinagari,12,2018-08-26,y,,,,Noto Sans Nandinagari,,,,,,Noto Sans Nandinagari,,
Narb,106,Old North Arabian (Ancient North Arabian),nord-arabique,Old_North_Arabian,7,2014-11-15,y,,,,Noto Sans Old North Arabian,,,,,,Noto Sans Old North Arabian,,
Nbat,159,Nabataean,nabatéen,Nabataean,7,2014-11-15,y,,,,Noto Sans Nabataean,,,,,,Noto Sans Nabataean,,
Newa,333,"Newa, Newar, Newari, Nepāla lipi","néwa, néwar, néwari, nepāla lipi",Newa,9,2016-12-05,y,,,,Noto Sans Newa,,,,,,Noto Sans Newa,,
Nkdb,85,"Naxi Dongba (na²¹ɕi³³ to³³ba²¹, Nakhi Tomba)",naxi dongba,,,2017-07-26,,,,,,,,,,,,,
Nkgb,420,"Naxi Geba (na²¹ɕi³³ gʌ²¹ba²¹, 'Na-'Khi ²Ggŏ-¹baw, Nakhi Geba)","naxi geba, nakhi geba",,,2017-07-26,y,,,,,,,,,,,,
Nkoo,165,N’Ko,n’ko,Nko,5,2006-10-10,y,,,,Noto Sans NKo,,,,Ebrima,,Noto Sans NKo,,
Nshu,499,Nüshu,nüshu,Nushu,10,2017-07-26,y,,,,,,,,,,,,
Ogam,212,Ogham,ogam,Ogham,3,2004-05-01,y,,,,Noto Sans Ogham,,,,,,Noto Sans Ogham,,
Olck,261,"Ol Chiki (Ol Cemet’, Ol, Santali)",ol tchiki,Ol_Chiki,5.1,2007-07-02,y,,,,Noto Sans Ol Chiki,,,,,,Noto Sans Ol Chiki,,
Orkh,175,"Old Turkic, Orkhon Runic",orkhon,Old_Turkic,5.2,2009-06-01,y,,,,Noto Sans Old Turkic,,,,,,Noto Sans Old Turkic,,
Orya,327,Oriya (Odia),oriyâ (odia),Oriya,1.1,2016-12-05,y,,,,Japa Sans Oriya,,Japa Sans Oriya,,,,Noto Sans Oriya,,
Osge,219,Osage,osage,Osage,9,2016-12-05,y,,,,Noto Sans Osage,,,,,,Noto Sans Osage,,
Osma,260,Osmanya,osmanais,Osmanya,4,2004-05-01,y,,,,Noto Sans Osmanya,,,,Ebrima,,Noto Sans Osmanya,,
Ougr,143,Old Uyghur,ancien ouïgour,,14,2021-01-25,y,,,,,,,,,,,,
Palm,126,Palmyrene,palmyrénien,Palmyrene,7,2014-11-15,y,,,,Noto Sans Palmyrene,,,,,,Noto Sans Palmyrene,,
Pauc,263,Pau Cin Hau,paou chin haou,Pau_Cin_Hau,7,2014-11-15,y,,,,Noto Sans Pau Cin Hau,,,,,,Noto Sans Pau Cin Hau,,
Pcun,15,Proto-Cuneiform,proto-cunéiforme,,,2021-01-25,n,,,,,,,,,,,,
Perm,16,Proto-Elamite,proto-élamite,,,2021-01-25,y,,,,,,,,,,,,
Perm,227,Old Permic,ancien permien,Old_Permic,7,2014-11-15,y,,,,Noto Sans Old Permic,,,,,,Noto Sans Old Permic,,
Phag,331,Phags-pa,’phags pa,Phags_Pa,5,2006-10-10,y,,,,Noto Sans Phags Pa,,,,,,Noto Sans Phags Pa,,
Phli,131,Inscriptional Pahlavi,pehlevi des inscriptions,Inscriptional_Pahlavi,5.2,2009-06-01,y,,,,Noto Sans Inscriptional Pahlavi,,,,,,Noto Sans Inscriptional Pahlavi,,
Phlp,132,Psalter Pahlavi,pehlevi des psautiers,Psalter_Pahlavi,7,2014-11-15,y,,,,Noto Sans Psalter Pahlavi,,,,,,Noto Sans Psalter Pahlavi,,
Phlv,133,Book Pahlavi,pehlevi des livres,,,2007-07-15,,,,,,,,,,,,,
Phnx,115,Phoenician,phénicien,Phoenician,5,2006-10-10,y,,,,Noto Sans Phoenician,,,,,,Noto Sans Phoenician,,
Plrd,282,Miao (Pollard),miao (Pollard),Miao,6.1,2012-02-06,y,,,,Shimenkan,,Shimenkan,,,,Noto Sans Miao,,ShiShan
Piqd,293,Klingon (KLI pIqaD),klingon (pIqaD du KLI),,,2015-12-16,,,,,,,,,,,,,
Prti,130,Inscriptional Parthian,parthe des inscriptions,Inscriptional_Parthian,5.2,2009-06-01,y,,,,Noto Sans Inscriptional Parthian,,,,,,Noto Sans Inscriptional Parthian,,
Psin,103,Proto-Sinaitic,proto-sinaïtique,,,2021-01-25,n,,,,,,,,,,,,
Qaaa,900,Reserved for private use (start),réservé à l’usage privé (début),,,2004-05-29,,,,,,,,,,,,,
Qabx,949,Reserved for private use (end),réservé à l’usage privé (fin),,,2004-05-29,,,,,,,,,,,,,
Ranj,303,Ranjana,ranjana,,,2021-01-25,y,,,,,,,,,,,,
Rjng,363,"Rejang (Redjang, Kaganga)",redjang (kaganga),Rejang,5.1,2009-02-23,y,,,,Noto Sans Rejang,,,,,,Noto Sans Rejang,,
Rohg,167,Hanifi Rohingya,hanifi rohingya,Hanifi_Rohingya,11,2017-11-21,y,,,,Noto Sans Hanifi Rohingya,,,,,,Noto Sans Hanifi Rohingya,,
Roro,620,Rongorongo,rongorongo,,,2004-05-01,,,,,,,,,,,,,
Runr,211,Runic,runique,Runic,3,2004-05-01,y,,,,Noto Sans Runic,,,,,,Noto Sans Runic,,
Samr,123,Samaritan,samaritain,Samaritan,5.2,2009-06-01,y,,,,Noto Sans Samaritan,,,,,,Noto Sans Samaritan,,
Sara,292,Sarati,sarati,,,2004-05-29,,,,,,,,,,,,,
Sarb,105,Old South Arabian,"sud-arabique, himyarite",Old_South_Arabian,5.2,2009-06-01,y,,,,Noto Sans Old South Arabian,,,,,,Noto Sans Old South Arabian,,
Saur,344,Saurashtra,saurachtra,Saurashtra,5.1,2007-07-02,y,,,,Noto Sans Saurashtra,,,,,,Noto Sans Saurashtra,,
Sgnw,95,SignWriting,"SignÉcriture, SignWriting",SignWriting,8,2015-07-07,y,,,,Noto Sans SignWriting,,,,,,Noto Sans SignWriting,,
Shaw,281,Shavian (Shaw),shavien (Shaw),Shavian,4,2004-05-01,y,,,,Noto Sans Shavian,,,,,,Noto Sans Shavian,,
Shrd,319,"Sharada, Śāradā","charada, shard",Sharada,6.1,2012-02-06,y,,,,Noto Sans Sharada,,,,,,Noto Sans Sharada,,
Shui,530,Shuishu,shuishu,,,2017-07-26,,,,,,,,,,,,,
Sidd,302,"Siddham, Siddhaṃ, Siddhamātṛkā",siddham,Siddham,7,2014-11-15,,,,,Noto Sans Siddham,,,,,,Noto Sans Siddham,,
Sind,318,"Khudawadi, Sindhi","khoudawadî, sindhî",Khudawadi,7,2014-11-15,y,,,,Noto Sans Khudawadi,,,,,,Noto Sans Khudawadi,,
Sinh,348,Sinhala,singhalais,Sinhala,3,2004-05-01,y,,,,Noto Sans Sinhala,,,,,,Noto Sans Sinhala,Noto Serif Sinhala,
Sogd,141,Sogdian,sogdien,Sogdian,11,2017-11-21,y,,,,Noto Sans Sogdian,,,,,,Noto Sans Sogdian,,
Sogo,142,Old Sogdian,ancien sogdien,Old_Sogdian,11,2017-11-21,y,,,,Noto Sans Old Sogdian,,,,,,Noto Sans Old Sogdian,,
Sora,398,Sora Sompeng,sora sompeng,Sora_Sompeng,6.1,2012-02-06,y,,,,Noto Sans Sora Sompeng,,,,,,Noto Sans Sora Sompeng,,
Soyo,329,Soyombo,soyombo,Soyombo,10,2017-07-26,y,,,,Noto Sans Soyombo,,,,,,Noto Sans Soyombo,,
Sund,362,Sundanese,sundanais,Sundanese,5.1,2007-07-02,y,,,,Noto Sans Sundanese,,,,,,Noto Sans Sundanese,,
Sylo,316,Syloti Nagri,sylotî nâgrî,Syloti_Nagri,4.1,2006-06-21,y,,,,Surma,,Surma,,,,Noto Sans Syloti Nagri,,
Syrc,135,Syriac,syriaque,Syriac,3,2004-05-01,y,,,,Noto Sans Syriac,,,,,,Noto Sans Syriac,,
Syre,138,Syriac (Estrangelo variant),syriaque (variante estranghélo),,3,2004-05-01,,,,,,,,,,,,,
Syrj,137,Syriac (Western variant),syriaque (variante occidentale),,3,2004-05-01,y,,,,Noto Sans Syriac,,,,,,Noto Sans Syriac,,
Syrn,136,Syriac (Eastern variant),syriaque (variante orientale),,3,2004-05-01,,,,,Noto Sans Syriac Eastern,,,,,,Noto Sans Syriac Eastern,,
Tagb,373,Tagbanwa,tagbanoua,Tagbanwa,3.2,2004-05-01,y,,,,Noto Sans Tagbanwa,,,,,,Noto Sans Tagbanwa,,
Takr,321,"Takri, Ṭākrī, Ṭāṅkrī",tâkrî,Takri,6.1,2012-02-06,y,,,,Noto Sans Takri,,,,,,Noto Sans Takri,,
Tale,353,Tai Le,taï-le,Tai_Le,4,2004-10-25,y,,,,Noto Sans Tai Le,,,,,,Noto Sans Tai Le,,
Talu,354,New Tai Lue,nouveau taï-lue,New_Tai_Lue,4.1,2006-06-21,y,,,,Nokyung,,Nokyung,,,,Noto Sans New Tai Lue,,Dai Banna SIL
Taml,346,Tamil,tamoul,Tamil,1.1,2004-05-01,y,,,,ThiruValluvar,,,ThiruValluvar,,,Noto Sans Tamil,Noto Serif Tamil,
Tang,520,Tangut,tangoute,Tangut,9,2016-12-05,y,,,,Noto Serif Tangut,,,,,,,Noto Serif Tangut,
Tavt,359,Tai Viet,taï viêt,Tai_Viet,5.2,2009-06-01,y,,,,Tai Heritage Pro,,Tai Heritage Pro,,,,Noto Sans Tai Viet,,
Telu,340,Telugu,télougou,Telugu,1.1,2004-05-01,y,,,,Noto Sans Telugu,,,,,,Noto Sans Telugu,Noto Serif Telugu,
Teng,290,Tengwar,tengwar,,,2004-05-01,,,,,,,,,,,,,
Tfng,120,Tifinagh (Berber),tifinagh (berbère),Tifinagh,4.1,2006-06-21,y,MA,,,Noto Sans Tifinagh,,,,Ebrima,,Noto Sans Tifinagh,,
Tglg,370,"Tagalog (Baybayin, Alibata)","tagal (baybayin, alibata)",Tagalog,3.2,2009-02-23,y,,,,Noto Sans Tagalog,,,,,,Noto Sans Tagalog,,
Thaa,170,Thaana,thâna,Thaana,3,2004-05-01,y,,,,Noto Sans Thaana,,,,,,Noto Sans Thaana,,
Thai,352,Thai,thaï,Thai,1.1,2004-05-01,y,,,,TH SarabunPSK,,,,,TH SarabunPSK,Noto Sans Thai,Noto Serif Thai,
Tibt,330,Tibetan,tibétain,Tibetan,2,2004-05-01,y,,,,Noto Serif Tibetan,,,,,,,Noto Serif Tibetan,
Tnsa,275,Tangsa,tangsa,,14,2021-02-17,y,,,,Noto Sans Tangsa,,,,,,Noto Sans Tangsa,,
Tirh,326,Tirhuta,tirhouta,Tirhuta,7,2014-11-15,y,,,,Noto Sans Tirhuta,,,,,,Noto Sans Tirhuta,,
Toto,294,Toto,toto,,14,2020-04-16,y,,,,Noto Serif Toto,,,,,,,Noto Serif Toto,
Ugar,40,Ugaritic,ougaritique,Ugaritic,4,2004-05-01,y,,,,Noto Sans Ugaritic,,,,,,Noto Sans Ugaritic,,
Vaii,470,Vai,vaï,Vai,5.1,2007-07-02,y,,,,Dukor,,Dukor,,Ebrima,,Noto Sans Vai,,
Visp,280,Visible Speech,parole visible,,,2004-05-01,,,,,,,,,,,,,
Vith,228,,Vithkuqi,vithkuqi,14,2021-02-17,y,,,,Noto Sans Vithkuqi,,,,,,Noto Sans Vithkuqi,Noto Serif Vithkuqi,
Wara,262,Warang Citi (Varang Kshiti),warang citi,Warang_Citi,7,2014-11-15,y,,,,Noto Sans Warang Citi,,,,,,Noto Sans Warang Citi,,
Wcho,283,Wancho,wantcho,Wancho,12,2017-07-26,,,,,Noto Sans Wancho,,,,,,Noto Sans Wancho,,
Wole,480,Woleai,woléaï,,,2010-12-21,y,,,,,,,,,,,,
Xpeo,30,Old Persian,cunéiforme persépolitain,Old_Persian,4.1,2006-06-21,y,,,,Noto Sans Old Persian,,,,,,Noto Sans Old Persian,,
Xsux,20,"Cuneiform, Sumero-Akkadian",cunéiforme suméro-akkadien,Cuneiform,5,2006-10-10,y,,,,Noto Sans Cuneiform,,,,,,Noto Sans Cuneiform,,
Yezi,192,Yezidi,yézidi,Yezidi,13,2019-08-19,y,,,,Noto Serif Yezidi,,,,,,,Noto Serif Yezidi,
Yiii,460,Yi,yi,Yi,3,2004-05-01,y,,,,Nuosu SIL,,Nuosu SIL,,,,Noto Sans Yi,,
Zanb,339,"Zanabazar Square (Zanabazarin Dörböljin Useg, Xewtee Dörböljin Bicig, Horizontal Square Script)",zanabazar quadratique,Zanabazar_Square,10,2017-07-26,,,,,Noto Sans Zanabazar Square,,,,,,Noto Sans Zanabazar Square,,
Zinh,994,Code for inherited script,codet pour écriture héritée,Inherited,,2009-02-23,,,,,,,,,,,,,
Zmth,995,Mathematical notation,notation mathématique,,3.2,2007-11-26,,,,,,,,,,,,,
Zsye,993,Symbols (Emoji variant),symboles (variante émoji),,6,2015-12-16,,,,,,,,,,,,,
Zsym,996,Symbols,symboles,,1.1,2007-11-26,,,,,,,,,,,,,
Zxxx,997,Code for unwritten documents,codet pour les documents non écrits,,,2011-06-21,y,,,,,,,,,,,,
Zyyy,998,Code for undetermined script,codet pour écriture indéterminée,Common,,2004-05-29,y,,,,,,,,,,,,
Zzzz,999,Code for uncoded script,codet pour écriture non codée,Unknown,,2006-10-10,,,,,,,,,,,,,
